{
  "analysis_timestamp": "2026-01-09T01:22:24.662914",
  "test_dataset_info": {
    "n_samples": 8476,
    "n_features": 22,
    "class_distribution": {
      "0": "7517",
      "1": "959"
    }
  },
  "misclassification_analysis": {
    "Adaptive_Ensemble": {
      "total_samples": 8476,
      "total_misclassified": "1292",
      "false_positives": "470",
      "false_negatives": "822",
      "misclassification_rate": 0.15243039169419537,
      "high_confidence_errors": "385",
      "low_confidence_predictions": "3755",
      "feature_impact": {
        "enjlf": {
          "misclassified_mean": -0.6079859670348803,
          "correct_mean": 0.10556252870781305,
          "abs_difference": 0.7135484957426933
        },
        "wrhpp": {
          "misclassified_mean": -0.5691002171535071,
          "correct_mean": 0.09842446303625645,
          "abs_difference": 0.6675246801897635
        },
        "happy": {
          "misclassified_mean": -0.5248593519883034,
          "correct_mean": 0.07933068894437889,
          "abs_difference": 0.6041900409326822
        },
        "fltlnl": {
          "misclassified_mean": 0.4205394788630908,
          "correct_mean": -0.08622131898702479,
          "abs_difference": 0.5067607978501156
        },
        "slprl": {
          "misclassified_mean": 0.4390483234948915,
          "correct_mean": -0.06390166630280704,
          "abs_difference": 0.5029499897976986
        },
        "fltsd": {
          "misclassified_mean": 0.41057512521948714,
          "correct_mean": -0.06865796085033135,
          "abs_difference": 0.4792330860698185
        },
        "flteeff": {
          "misclassified_mean": 0.34586360525560134,
          "correct_mean": -0.06146838635634825,
          "abs_difference": 0.4073319916119496
        },
        "dosprt": {
          "misclassified_mean": -0.33908893507932664,
          "correct_mean": 0.05456981034017742,
          "abs_difference": 0.3936587454195041
        },
        "fltdpr": {
          "misclassified_mean": 0.3284174121157838,
          "correct_mean": -0.04673907877482739,
          "abs_difference": 0.3751564908906112
        },
        "ctrlife": {
          "misclassified_mean": -0.3049731851703892,
          "correct_mean": 0.04023648515979599,
          "abs_difference": 0.3452096703301852
        }
      },
      "confusion_matrix": [
        [
          7047,
          470
        ],
        [
          822,
          137
        ]
      ],
      "test_f1": 0.175,
      "status": "winner"
    },
    "Optimal_Hybrid": {
      "total_samples": 8476,
      "total_misclassified": "1002",
      "false_positives": "93",
      "false_negatives": "909",
      "misclassification_rate": 0.11821613968853233,
      "high_confidence_errors": "702",
      "low_confidence_predictions": "1223",
      "feature_impact": {
        "slprl": {
          "misclassified_mean": 0.458849171475685,
          "correct_mean": -0.04704121040709159,
          "abs_difference": 0.5058903818827766
        },
        "flteeff": {
          "misclassified_mean": 0.42534698818616257,
          "correct_mean": -0.05631934596685896,
          "abs_difference": 0.4816663341530215
        },
        "fltdpr": {
          "misclassified_mean": 0.4113671573815767,
          "correct_mean": -0.043303202724258395,
          "abs_difference": 0.4546703601058351
        },
        "wrhpp": {
          "misclassified_mean": -0.40100660836639285,
          "correct_mean": 0.04998829053696291,
          "abs_difference": 0.45099489890335576
        },
        "enjlf": {
          "misclassified_mean": -0.3877119451154496,
          "correct_mean": 0.048345023526029436,
          "abs_difference": 0.436056968641479
        },
        "fltsd": {
          "misclassified_mean": 0.38375885254976444,
          "correct_mean": -0.046468035753287,
          "abs_difference": 0.43022688830305145
        },
        "fltlnl": {
          "misclassified_mean": 0.30225246637103437,
          "correct_mean": -0.050700283678813116,
          "abs_difference": 0.3529527500498475
        },
        "happy": {
          "misclassified_mean": -0.3079583300244853,
          "correct_mean": 0.026808620991713168,
          "abs_difference": 0.33476695101619847
        },
        "bmi": {
          "misclassified_mean": 0.2758023722701252,
          "correct_mean": -0.04319207402097402,
          "abs_difference": 0.31899444629109924
        },
        "dosprt": {
          "misclassified_mean": -0.27991861283003705,
          "correct_mean": 0.03136273259526915,
          "abs_difference": 0.3112813454253062
        }
      },
      "confusion_matrix": [
        [
          7424,
          93
        ],
        [
          909,
          50
        ]
      ],
      "test_f1": 0.091,
      "status": "poor_generalization"
    },
    "Adaptive_LR": {
      "total_samples": 8476,
      "total_misclassified": "972",
      "false_positives": "29",
      "false_negatives": "943",
      "misclassification_rate": 0.11467673430863615,
      "high_confidence_errors": "851",
      "low_confidence_predictions": "367",
      "feature_impact": {
        "slprl": {
          "misclassified_mean": 0.43584789907402327,
          "correct_mean": -0.042039351634317275,
          "abs_difference": 0.47788725070834054
        },
        "flteeff": {
          "misclassified_mean": 0.4140776116251178,
          "correct_mean": -0.05293397495913958,
          "abs_difference": 0.4670115865842574
        },
        "fltdpr": {
          "misclassified_mean": 0.40385678121745344,
          "correct_mean": -0.040512664819847034,
          "abs_difference": 0.4443694460373005
        },
        "wrhpp": {
          "misclassified_mean": -0.37041273632773813,
          "correct_mean": 0.04422242025595637,
          "abs_difference": 0.4146351565836945
        },
        "enjlf": {
          "misclassified_mean": -0.35392238233266693,
          "correct_mean": 0.04222493236343494,
          "abs_difference": 0.39614731469610187
        },
        "fltsd": {
          "misclassified_mean": 0.3549315081777195,
          "correct_mean": -0.04101401318149607,
          "abs_difference": 0.39594552135921557
        },
        "bmi": {
          "misclassified_mean": 0.26940124557525263,
          "correct_mean": -0.04108763258492002,
          "abs_difference": 0.3104888781601727
        },
        "dosprt": {
          "misclassified_mean": -0.2763389064769351,
          "correct_mean": 0.02965458828050712,
          "abs_difference": 0.3059934947574422
        },
        "happy": {
          "misclassified_mean": -0.2726824427547237,
          "correct_mean": 0.020900948955906364,
          "abs_difference": 0.2935833917106301
        },
        "fltlnl": {
          "misclassified_mean": 0.23752493829120513,
          "correct_mean": -0.040905009185864094,
          "abs_difference": 0.27842994747706923
        }
      },
      "confusion_matrix": [
        [
          7488,
          29
        ],
        [
          943,
          16
        ]
      ],
      "test_f1": 0.032,
      "status": "failed"
    }
  },
  "feature_error_analysis": {
    "Adaptive_Ensemble": {
      "feature_error_correlations": {
        "enjlf": -0.2572498639726921,
        "wrhpp": -0.23870401691049095,
        "happy": -0.21630616648009468,
        "fltlnl": 0.18391069676032573,
        "slprl": 0.18047975368330255,
        "fltsd": 0.17083920219471296,
        "flteeff": 0.14785825157209959,
        "dosprt": -0.14236640256800118,
        "fltdpr": 0.13381513417488797,
        "ctrlife": -0.12361333531154259,
        "mental_health_score": -0.11556087922784936,
        "lifestyle_score": -0.11242099681433969,
        "bmi": 0.09868368009959813,
        "inprdsc": -0.09687762084618734,
        "sclmeet": -0.08118346484327116,
        "alcfreq": 0.07543784456676016,
        "social_score": 0.07233841214264346,
        "etfruit": -0.01879539180204305,